﻿{
	"EN": {
		"Unknown": "???",
		"Offline": "Off-line",
		"ID01": "Idle",
		"ID02": "*Production",
		"ID03": "Color Change",
		"ID04": "Mold Maint",
		"ID05": "Mold Trial",
		"ID06": "Mold Change",
		"ID07": "Resin Change",
		"ID08": "Wait for Resin",
		"ID09": "Wait for Mold",
		"ID10": "Downtime",
		"ID11": "Stoppage",
		"ID12": "Fine-Tune",
		"ID13": "Other 1",
		"ID14": "Other 2",
		"ID15": "Other 3"
	},
	"B5": {
		"Unknown": "???",
		"Offline": "離線",
		"ID01": "無單",
		"ID02": "*生產",
		"ID03": "調色",
		"ID04": "修模",
		"ID05": "試模",
		"ID06": "換模",
		"ID07": "換料",
		"ID08": "待料",
		"ID09": "待模",
		"ID10": "故障",
		"ID11": "停機",
		"ID12": "調機",
		"ID13": "其他１",
		"ID14": "其他２",
		"ID15": "其他３"
	},
	"GB": {
		"Unknown": "???",
		"Offline": "离线",
		"ID01": "无单",
		"ID02": "*生产",
		"ID03": "调色",
		"ID04": "修模",
		"ID05": "试模",
		"ID06": "换模",
		"ID07": "换料",
		"ID08": "待料",
		"ID09": "待模",
		"ID10": "故障",
		"ID11": "停机",
		"ID12": "调机",
		"ID13": "其他１",
		"ID14": "其他２",
		"ID15": "其他３"
	}
}