﻿{
	"en": {
		"ch_logo": "header_logo_dark_eng_large",
		"app_title_full": "Server Configuration",
		"app_title_short": "Config",
		"btnLogin": "Login",
		"btnLogout": "Logout",
		"btnAdd": "Add",
		"btnNew": "New",
		"btnClear": "Clear",
		"btnReload": "Reload",
		"btnDelete": "Delete",
		"btnSave": "Save",
		"btnSaveChanges": "Save Changes",
		"btnCancel": "Cancel",
		"btnClose": "Close",
		"btnGo": "Go",
		"btnNewLine": "New Line",
		"btnDeleteLine": "Delete Line",
		"btnNewValueMap": "New Value Map",
		"routeHome": "Home",
		"routeUsers": "Users",
		"routeMachines": "Machines",
		"routeTerminalLayout": "Terminal Layout",
		"routeLogs": "Logs",
		"labelTrue": "true",
		"labelFalse": "false",
		"labelLogin": "Login",
		"labelUserName": "User Name",
		"labelPassword": "Password",
		"labelEnterUserName": "enter user name...",
		"labelEnterPassword": "enter password...",
		"labelUnknown": "( Unknown )",
		"labelNone": "( None )",
		"labelTimeStarted": "Time Started",
		"labelUpTime": "Up-Time",
		"labelWebServerPort": "Web Server Port",
		"labelOpenProtocolPort": "OpenProtocol Port",
		"labelServerVersion": "Server Version",
		"labelOsVersion": "O/S Version",
		"labelNumClients": "No. Clients",
		"labelNumMachines": "No. Machines",
		"labelConnectedClients": "Connected Clients",
		"labelConnectedMachines": "Connected Machines",
		"labelFilter": "Filter",
		"labelFilters": "Filters",
		"labelEnabled": "Enabled",
		"labelDisabled": "Disabled",
		"labelSerialNum": "Serial No.",
		"labelMachineName": "Name",
		"labelNewMachine": "New Machine",
		"labelEditMachine": "Edit Machine",
		"labelNewUser": "New User",
		"labelEditUser": "Edit User",
		"labelAdministrator": "Administrator",
		"labelAccessLevel": "Access Level",
		"labelFilterStatus": "Machine Status",
		"labelFilterCycle": "Cycle Data",
		"labelFilterMold": "Mold Data",
		"labelFilterActions": "Machine Actions",
		"labelFilterAlarms": "Alarms",
		"labelFilterAudit": "Audit Trail",
		"labelFilterJobCards": "Job Card Control",
		"labelFilterOperators": "Operator Control",
		"labelFilterNone": "None",
		"labelFilterAll": "<All>",
		"labelDate": "Date",
		"labelSelectDate": "select date...",
		"labelType": "Type",
		"labelCategory": "Category",
		"labelTime": "Time",
		"labelMessage": "Message",
		"labelAll": "( All )",
		"labelLogInfo": "General",
		"labelLogWarn": "Warning",
		"labelLogError": "Error",
		"labelLogDebug": "Debug Info",
		"labelFormat": "File Format",
		"labelFormatOnScreen": "( On Screen )",
		"labelFormatXls": ".XLS - Excel Spreadsheet",
		"labelFormatXlsx": ".XLSX - Excel Spreadsheet",
		"labelFormatCsv": ".CSV - Comma-Separated Text File",
		"labelFormatTsv": ".CSV - Tab-Separated Text File",
		"labelFormatJson": ".JSON - JSON File",
		"labelFrameStyles": "Frame Styles",
		"labelTextSample": "TEXT",
		"labelAddNewLine": "Add new line",
		"labelAddNewValueMap": "Add new value map",
		"labelEditValueMap": "Edit value map",
		"labelEqualsTo": "Equals to",
		"labelNotEqualsTo": "Not equals to",
		"labelUseDefault": "( Use Default )",
		"labelNothing": "( Nothing )",
		"labelBlank": "( Blank )",
		"labelCustomValue": "( Custom Value )",
		"labelNotSet": "( Not Set )",
		"labelTransparent": "( Transparent )",
		"labelInvisible": "( Invisible )",
		"labelNoBorder": "( No Border )",
		"labelStandardFields": "Standard fields",
		"labelCycleDataFields": "Cycle data fields",
		"labelMin": "Min",
		"labelMax": "Max",
		"labelOverlayBarColor": "Overlay Bar Color",
		"labelShowAlways": "Show This Line Always",
		"labelValueStyles": "Value Styles",
		"labelField": "Field",
		"labelFieldAlarmPrefix": "Alarm",
		"labelFieldAlarms": "Alarms",
		"labelFieldMachineNo": "Machine No.",
		"labelFieldMachineName": "Machine Name",
		"labelFieldMachineModel": "Machine Model",
		"labelFieldControllerType": "Controller Type",
		"labelFieldProtocolVersion": "Protocol Version",
		"labelFieldIPAddress": "IP Address",
		"labelFieldOpMode": "Op. Mode",
		"labelFieldJobMode": "Job Mode",
		"labelFieldJobCard": "Job Card",
		"labelFieldConnectTime": "Connect Time",
		"labelFieldOperator": "Operator",
		"labelFieldMold": "Mold ID",
		"labelFieldAction": "Action",
		"labelFieldAlarmName": "Alarm Name",
		"labelFieldLastAlarmName": "Last Alarm Name",
		"labelFieldLastAlarmState": "Last Alarm State",
		"labelFieldLastAlarmTime": "Last Alarm Time",
		"labelFieldActiveAlarms": "Active Alarms",
		"labelCycleProductionQuantity": "Production Quantity",
		"labelCycleCycleTime": "Cycle Time",
		"labelCycleInjectionTime": "Injection Time",
		"labelCyclePlasticizingTime": "Plasticizing Time",
		"labelCycleInjectionEndPosition": "Injection End Position",
		"labelCyclePlasticizingEndPosition": "Plasticizing End Position",
		"labelCycleQualityCheckFlag": "Quality Check Flag",
		"labelCycleMaxProductionQuantity": "Max. Production Quantity",
		"labelCycleCoolingTime": "Cooling Time",
		"labelCycleMoldOpenTime": "Mold Open Time",
		"labelCycleMoldCloseTime": "Mold Close Time",
		"labelCycleVPPosition": "V/P Position",
		"labelCycleMoldOpenEndPosition": "Mold Open End Position",
		"labelCycleMaxInjection Speed": "Max. Injection Speed",
		"labelCycleMaxPlasticizing": "Max. Plasticizing (rpm)",
		"labelCycleNozzleTemperature": "Nozzle Temperature",
		"labelCycleBarrelTemperatureZone1": "Barrel Temperature: Zone #1",
		"labelCycleBarrelTemperatureZone2": "Barrel Temperature: Zone #2",
		"labelCycleBarrelTemperatureZone3": "Barrel Temperature: Zone #3",
		"labelCycleBarrelTemperatureZone4": "Barrel Temperature: Zone #4",
		"labelCycleBarrelTemperatureZone5": "Barrel Temperature: Zone #5",
		"labelCycleBarrelTemperatureZone6": "Barrel Temperature: Zone #6",
		"labelCycleBackPressure": "Back Pressure",
		"labelCycleHoldingTime": "Holding Time",
		"labelCycleHotRunnerZone1": "Hot-Runner: Zone #1",
		"labelCycleHotRunnerZone2": "Hot-Runner: Zone #2",
		"labelCycleHotRunnerZone3": "Hot-Runner: Zone #3",
		"labelCycleHotRunnerZone4": "Hot-Runner: Zone #4",
		"labelCycleHotRunnerZone5": "Hot-Runner: Zone #5",
		"labelCycleHotRunnerZone6": "Hot-Runner: Zone #6",
		"labelCycleHotRunnerZone7": "Hot-Runner: Zone #7",
		"labelCycleHotRunnerZone8": "Hot-Runner: Zone #8",
		"labelCycleHotRunnerZone9": "Hot-Runner: Zone #9",
		"labelCycleHotRunnerZone10": "Hot-Runner: Zone #10",
		"labelCycleHotRunnerZone11": "Hot-Runner: Zone #11",
		"labelCycleHotRunnerZone12": "Hot-Runner: Zone #12",
		"labelCycleHotRunnerZone13": "Hot-Runner: Zone #13",
		"labelCycleHotRunnerZone14": "Hot-Runner: Zone #14",
		"labelCycleHotRunnerZone15": "Hot-Runner: Zone #15",
		"labelCycleHotRunnerZone16": "Hot-Runner: Zone #16",
		"labelCycleHotRunnerZone17": "Hot-Runner: Zone #17",
		"labelCycleHotRunnerZone18": "Hot-Runner: Zone #18",
		"labelCycleHotRunnerZone19": "Hot-Runner: Zone #19",
		"labelCycleHotRunnerZone20": "Hot-Runner: Zone #20",
		"labelCycleHotRunnerZone21": "Hot-Runner: Zone #21",
		"labelCycleHotRunnerZone22": "Hot-Runner: Zone #22",
		"labelCycleHotRunnerZone23": "Hot-Runner: Zone #23",
		"labelCycleHotRunnerZone24": "Hot-Runner: Zone #24",
		"labelCycleHotRunnerZone25": "Hot-Runner: Zone #25",
		"labelCycleHotRunnerZone26": "Hot-Runner: Zone #26",
		"labelCycleHotRunnerZone27": "Hot-Runner: Zone #27",
		"labelCycleHotRunnerZone28": "Hot-Runner: Zone #28",
		"labelCycleHotRunnerZone29": "Hot-Runner: Zone #29",
		"labelCycleHotRunnerZone30": "Hot-Runner: Zone #30",
		"labelCycleHotRunnerZone31": "Hot-Runner: Zone #31",
		"labelCycleHotRunnerZone32": "Hot-Runner: Zone #32",
		"labelCycleHotRunnerZone33": "Hot-Runner: Zone #33",
		"labelCycleHotRunnerZone34": "Hot-Runner: Zone #34",
		"labelCycleHotRunnerZone35": "Hot-Runner: Zone #35",
		"labelCycleHotRunnerZone36": "Hot-Runner: Zone #36",
		"labelCycleHotRunnerZone37": "Hot-Runner: Zone #37",
		"labelCycleHotRunnerZone38": "Hot-Runner: Zone #38",
		"labelCycleHotRunnerZone39": "Hot-Runner: Zone #39",
		"labelCycleHotRunnerZone40": "Hot-Runner: Zone #40",
		"labelOpModeUnknown": "Unknown",
		"labelOpModeManual": "Manual mode",
		"labelOpModeSemiAutomatic": "Semi-automatic mode",
		"labelOpModeAutomatic": "Automatic mode",
		"labelOpModeOthers": "Other mode",
		"labelOpModeOffLine": "Off-line",
		"labelJobModeUnknown": "Unknown",
		"labelJobModeOffline": "Off-Line",
		"labelJobModeID01": "ID01. Idle",
		"labelJobModeID02": "ID02. Production",
		"labelJobModeID03": "ID03. Color Change",
		"labelJobModeID04": "ID04. Mold Maintenance",
		"labelJobModeID05": "ID05. Mold Trial",
		"labelJobModeID06": "ID06. Mold Change",
		"labelJobModeID07": "ID07. Resin Change",
		"labelJobModeID08": "ID08. Waiting for Resin",
		"labelJobModeID09": "ID09. Waiting for Mold",
		"labelJobModeID10": "ID10. Downtime",
		"labelJobModeID11": "ID11. Stoppage",
		"labelJobModeID12": "ID12. Fine-Tuning",
		"labelJobModeID13": "ID13. Other #1",
		"labelJobModeID14": "ID14. Other #2",
		"labelJobModeID15": "ID15. Other #3",
		"labelColorBlack": "Black",
		"labelColorGray": "Gray",
		"labelColorRed": "Red",
		"labelColorGreen": "Green",
		"labelColorBlue": "Blue",
		"labelColorOrange": "Orange",
		"labelColorYellow": "Yellow",
		"labelColorMagenta": "Magenta",
		"labelColorBrown": "Brown",
		"labelColorCyan": "Cyan",
		"labelColorPurple": "Purple",
		"labelColorWhite": "White",
		"textServerRunning": "iChen Server 4.0 is Running",
		"textServerNotRunning": "iChen Server 4.0 is NOT Running",
		"textSearchText": "search text...",
		"textMachineName": "machine name...",
		"textMachineSerialNum": "machine serial number...",
		"textPressGoToLoadLogs": "Press [Go] to load log entries.",
		"textLogRows": "Log rows",
		"textNoLogs": "No logs found.",
		"textNoAuthority": "Sorry, you must login with administrator rights.",
		"textNoAuthorityForLogs": "You do not have authority to access the system logs.",
		"textClickForFrameStyles": "click for frame styles",
		"textConfirmDeleteUser": "Do you really want to delete the user {0}?",
		"textConfirmDeleteLine": "Are you sure to delete the line [{0}]?",
		"textConfirmDeleteValueMap": "Do you really want to delete this value map?",
		"textConfirmDeleteMachine": "Do you really want to delete the machine {0}?",
		"textDownloading": "Data is being downloaded. Please wait for the download to complete."
	},

	"zh-tw": {
		"ch_logo": "header_logo_dark_chi_large",
		"app_title_full": "系統設定",
		"app_title_short": "設定",
		"btnLogin": "登入",
		"btnLogout": "登出",
		"btnAdd": "增加",
		"btnNew": "增加",
		"btnClear": "清除",
		"btnReload": "重載",
		"btnDelete": "刪除",
		"btnSave": "儲存",
		"btnSaveChanges": "儲存更改",
		"btnCancel": "返回",
		"btnClose": "返回",
		"btnGo": "下載",
		"btnNewLine": "增加新行",
		"btnDeleteLine": "刪除此行",
		"btnNewValueMap": "增加新顯示格式",
		"routeHome": "主頁",
		"routeUsers": "用戶管理",
		"routeMachines": "注塑機管理",
		"routeTerminalLayout": "看板編排",
		"routeLogs": "日誌",
		"labelTrue": "是",
		"labelFalse": "否",
		"labelLogin": "用戶登入",
		"labelUserName": "用戶名",
		"labelPassword": "密碼",
		"labelEnterUserName": "請輸入用戶名...",
		"labelEnterPassword": "請輸入密碼...",
		"labelUnknown": "( 不詳 )",
		"labelNone": "( 無 )",
		"labelTimeStarted": "系統啟動時間",
		"labelUpTime": "總上線時間",
		"labelWebServerPort": "網絡服務器埠",
		"labelOpenProtocolPort": "OpenProtocol 埠",
		"labelServerVersion": "服務器版本",
		"labelOsVersion": "作業系統版本",
		"labelNumClients": "連接用戶端數量",
		"labelNumMachines": "連接注塑機數量",
		"labelConnectedClients": "目前連接的用戶",
		"labelConnectedMachines": "目前連接的注塑機",
		"labelFilter": "篩選",
		"labelFilters": "訊息篩選",
		"labelEnabled": "已啟用",
		"labelDisabled": "已停用",
		"labelSerialNum": "機號",
		"labelMachineName": "名稱",
		"labelNewMachine": "增加注塑機",
		"labelEditMachine": "修改注塑機資料",
		"labelNewUser": "增加用戶",
		"labelEditUser": "修改用戶資料",
		"labelAdministrator": "管理員權限",
		"labelAccessLevel": "操作等級",
		"labelFilterStatus": "機器狀態",
		"labelFilterCycle": "週期數據",
		"labelFilterMold": "模具參數",
		"labelFilterActions": "機器動作",
		"labelFilterAlarms": "報警",
		"labelFilterAudit": "參數更改",
		"labelFilterJobCards": "工咭控制",
		"labelFilterOperators": "操作人員權限控制",
		"labelFilterNone": "( 無任何權限 )",
		"labelFilterAll": "★管理員權限★",
		"labelDate": "日期",
		"labelSelectDate": "選擇日期...",
		"labelType": "類型",
		"labelCategory": "系統部份",
		"labelTime": "時間",
		"labelMessage": "訊息",
		"labelAll": "( 全部 )",
		"labelLogInfo": "一般資訊",
		"labelLogWarn": "報警",
		"labelLogError": "錯誤",
		"labelLogDebug": "調試資訊",
		"labelFormat": "檔案格式",
		"labelFormatOnScreen": "( 在屏幕上顯示 )",
		"labelFormatXls": ".XLS - Excel 試算表",
		"labelFormatXlsx": ".XLSX - Excel 試算表",
		"labelFormatCsv": ".CSV - CSV 文字檔",
		"labelFormatTsv": ".CSV - Tab 文字檔",
		"labelFormatJson": ".JSON - JSON 文檔",
		"labelFrameStyles": "外框顯示樣式",
		"labelTextSample": "文字樣板",
		"labelAddNewLine": "增加新行",
		"labelAddNewValueMap": "增加新顯示格式",
		"labelEditValueMap": "修改顯示格式",
		"labelEqualsTo": "等於",
		"labelNotEqualsTo": "不等於",
		"labelUseDefault": "( 用默認值 )",
		"labelNothing": "( 無 )",
		"labelBlank": "( 空白 )",
		"labelCustomValue": "( 特別值 )",
		"labelNotSet": "( 不設定 )",
		"labelTransparent": "( 透明 )",
		"labelInvisible": "( 不顯示 )",
		"labelNoBorder": "( 無邊框 )",
		"labelStandardFields": "標準參數",
		"labelCycleDataFields": "週期參數",
		"labelMin": "最細值",
		"labelMax": "最大值",
		"labelOverlayBarColor": "棒形圖底色",
		"labelShowAlways": "永遠顯示此行",
		"labelValueStyles": "顯示格式",
		"labelField": "參數",
		"labelFieldAlarmPrefix": "警報",
		"labelFieldAlarms": "警報",
		"labelFieldMachineNo": "機號",
		"labelFieldMachineName": "名稱",
		"labelFieldMachineModel": "機型",
		"labelFieldControllerType": "控制器",
		"labelFieldProtocolVersion": "協議版本",
		"labelFieldIPAddress": "IP 地址",
		"labelFieldOpMode": "操作模式",
		"labelFieldJobMode": "運作模式",
		"labelFieldJobCard": "工咭",
		"labelFieldConnectTime": "連線時間",
		"labelFieldOperator": "操作人員",
		"labelFieldMold": "模具號",
		"labelFieldAction": "動作",
		"labelFieldAlarmName": "警報名稱",
		"labelFieldLastAlarmName": "最後的警報",
		"labelFieldLastAlarmState": "最後的警報狀態",
		"labelFieldLastAlarmTime": "最後的警報時間",
		"labelFieldActiveAlarms": "當前警報",
		"labelCycleProductionQuantity": "良品數量",
		"labelCycleCycleTime": "週期時間",
		"labelCycleInjectionTime": "射膠時間",
		"labelCyclePlasticizingTime": "熔膠時間",
		"labelCycleInjectionEndPosition": "射膠終止位置",
		"labelCyclePlasticizingEndPosition": "熔膠終止位置",
		"labelCycleQualityCheckFlag": "品管",
		"labelCycleMaxProductionQuantity": "總生產量",
		"labelCycleCoolingTime": "冷卻時間",
		"labelCycleMoldOpenTime": "開模時間",
		"labelCycleMoldCloseTime": "合模時間",
		"labelCycleVPPosition": "V/P 切換位置",
		"labelCycleMoldOpenEndPosition": "開模終止位置",
		"labelCycleMaxInjectionSpeed": "最高射速",
		"labelCycleMaxPlasticizing": "最高熔膠速度",
		"labelCycleNozzleTemperature": "射咀温度",
		"labelCycleBarrelTemperatureZone1": "料筒温度：第1段",
		"labelCycleBarrelTemperatureZone2": "料筒温度：第2段",
		"labelCycleBarrelTemperatureZone3": "料筒温度：第3段",
		"labelCycleBarrelTemperatureZone4": "料筒温度：第4段",
		"labelCycleBarrelTemperatureZone5": "料筒温度：第5段",
		"labelCycleBarrelTemperatureZone6": "料筒温度：第6段",
		"labelCycleBackPressure": "背壓",
		"labelCycleHoldingTime": "保壓時間",
		"labelCycleHotRunnerZone1": "熱流道：第1區",
		"labelCycleHotRunnerZone2": "熱流道：第2區",
		"labelCycleHotRunnerZone3": "熱流道：第3區",
		"labelCycleHotRunnerZone4": "熱流道：第4區",
		"labelCycleHotRunnerZone5": "熱流道：第5區",
		"labelCycleHotRunnerZone6": "熱流道：第6區",
		"labelCycleHotRunnerZone7": "熱流道：第7區",
		"labelCycleHotRunnerZone8": "熱流道：第8區",
		"labelCycleHotRunnerZone9": "熱流道：第9區",
		"labelCycleHotRunnerZone10": "熱流道：第10區",
		"labelCycleHotRunnerZone11": "熱流道：第11區",
		"labelCycleHotRunnerZone12": "熱流道：第12區",
		"labelCycleHotRunnerZone13": "熱流道：第13區",
		"labelCycleHotRunnerZone14": "熱流道：第14區",
		"labelCycleHotRunnerZone15": "熱流道：第15區",
		"labelCycleHotRunnerZone16": "熱流道：第16區",
		"labelCycleHotRunnerZone17": "熱流道：第17區",
		"labelCycleHotRunnerZone18": "熱流道：第18區",
		"labelCycleHotRunnerZone19": "熱流道：第19區",
		"labelCycleHotRunnerZone20": "熱流道：第20區",
		"labelCycleHotRunnerZone21": "熱流道：第21區",
		"labelCycleHotRunnerZone22": "熱流道：第22區",
		"labelCycleHotRunnerZone23": "熱流道：第23區",
		"labelCycleHotRunnerZone24": "熱流道：第24區",
		"labelCycleHotRunnerZone25": "熱流道：第25區",
		"labelCycleHotRunnerZone26": "熱流道：第26區",
		"labelCycleHotRunnerZone27": "熱流道：第27區",
		"labelCycleHotRunnerZone28": "熱流道：第28區",
		"labelCycleHotRunnerZone29": "熱流道：第29區",
		"labelCycleHotRunnerZone30": "熱流道：第30區",
		"labelCycleHotRunnerZone31": "熱流道：第31區",
		"labelCycleHotRunnerZone32": "熱流道：第32區",
		"labelCycleHotRunnerZone33": "熱流道：第33區",
		"labelCycleHotRunnerZone34": "熱流道：第34區",
		"labelCycleHotRunnerZone35": "熱流道：第35區",
		"labelCycleHotRunnerZone36": "熱流道：第36區",
		"labelCycleHotRunnerZone37": "熱流道：第37區",
		"labelCycleHotRunnerZone38": "熱流道：第38區",
		"labelCycleHotRunnerZone39": "熱流道：第39區",
		"labelCycleHotRunnerZone40": "熱流道：第40區",
		"labelOpModeUnknown": "不詳",
		"labelOpModeManual": "手動",
		"labelOpModeSemiAutomatic": "半自動",
		"labelOpModeAutomatic": "全自動",
		"labelOpModeOthers": "其他",
		"labelOpModeOffLine": "離線",
		"labelJobModeUnknown": "不詳",
		"labelJobModeOffline": "離線",
		"labelJobModeID01": "ID01. 無單",
		"labelJobModeID02": "ID02. 生產",
		"labelJobModeID03": "ID03. 換色",
		"labelJobModeID04": "ID04. 修模",
		"labelJobModeID05": "ID05. 試模",
		"labelJobModeID06": "ID06. 換模",
		"labelJobModeID07": "ID07. 換料",
		"labelJobModeID08": "ID08. 等料",
		"labelJobModeID09": "ID09. 等模",
		"labelJobModeID10": "ID10. 維修",
		"labelJobModeID11": "ID11. 故障",
		"labelJobModeID12": "ID12. 調機",
		"labelJobModeID13": "ID13. 其他一",
		"labelJobModeID14": "ID14. 其他二",
		"labelJobModeID15": "ID15. 其他三",
		"labelColorBlack": "黑",
		"labelColorGray": "灰",
		"labelColorRed": "紅",
		"labelColorGreen": "綠",
		"labelColorBlue": "藍",
		"labelColorOrange": "橙",
		"labelColorYellow": "黃",
		"labelColorMagenta": "桃",
		"labelColorBrown": "棕",
		"labelColorCyan": "青",
		"labelColorPurple": "紫",
		"labelColorWhite": "白",
		"textServerRunning": "iChen 4.0 系統正在運行",
		"textServerNotRunning": "iChen 4.0 系統停止",
		"textSearchText": "篩選字句...",
		"textMachineName": "注塑機名稱...",
		"textMachineSerialNum": "機號...",
		"textPressGoToLoadLogs": "按 [下載] 鍵搜索日誌訊息。",
		"textLogRows": "日誌行數",
		"textNoLogs": "找不到任何日誌紀錄",
		"textNoAuthority": "對不起，您必須有管理員權限。",
		"textNoAuthorityForLogs": "您沒有足夠的權限訪問系統日誌。",
		"textClickForFrameStyles": "按此編輯外框樣式",
		"textConfirmDeleteUser": "碓認刪除用戶 {0}？",
		"textConfirmDeleteLine": "碓認刪除 [{0}] 行？",
		"textConfirmDeleteValueMap": "碓認刪除此顯示格式？",
		"textConfirmDeleteMachine": "碓認刪除注塑機 {0}？",
		"textDownloading": "數據正在下載中，請稍候。"
	},

	"zh-cn": {
		"ch_logo": "header_logo_dark_chi_large",
		"app_title_full": "系统设定",
		"app_title_short": "设定",
		"btnLogin": "登入",
		"btnLogout": "登出",
		"btnAdd": "增加",
		"btnNew": "增加",
		"btnClear": "清除",
		"btnReload": "重载",
		"btnDelete": "删除",
		"btnSave": "储存",
		"btnSaveChanges": "储存更改",
		"btnCancel": "返回",
		"btnClose": "返回",
		"btnGo": "下载",
		"btnNewLine": "增加新行",
		"btnDeleteLine": "删除此行",
		"btnNewValueMap": "增加新显示格式",
		"routeHome": "主页",
		"routeUsers": "用户管理",
		"routeMachines": "注塑机管理",
		"routeTerminalLayout": "看板编排",
		"routeLogs": "日誌",
		"labelTrue": "是",
		"labelFalse": "否",
		"labelLogin": "用户登入",
		"labelUserName": "用户名",
		"labelPassword": "密码",
		"labelEnterUserName": "请输入用户名...",
		"labelEnterPassword": "请输入密码...",
		"labelUnknown": "( 不详 )",
		"labelNone": "( 无 )",
		"labelTimeStarted": "系统启动时间",
		"labelUpTime": "总上线时间",
		"labelWebServerPort": "网络服务器埠",
		"labelOpenProtocolPort": "OpenProtocol 埠",
		"labelServerVersion": "服务器版本",
		"labelOsVersion": "作业系统版本",
		"labelNumClients": "连接用户端数量",
		"labelNumMachines": "连接注塑机数量",
		"labelConnectedClients": "目前连接的用户",
		"labelConnectedMachines": "目前连接的注塑机",
		"labelFilter": "筛选",
		"labelFilters": "讯息筛选",
		"labelEnabled": "已启用",
		"labelDisabled": "已停用",
		"labelSerialNum": "机号",
		"labelMachineName": "名称",
		"labelNewMachine": "增加注塑机",
		"labelEditMachine": "修改注塑机资料",
		"labelNewUser": "增加用户",
		"labelEditUser": "修改用户资料",
		"labelAdministrator": "管理员权限",
		"labelAccessLevel": "操作等级",
		"labelFilterStatus": "机器状态",
		"labelFilterCycle": "周期数据",
		"labelFilterMold": "模具参数",
		"labelFilterActions": "机器动作",
		"labelFilterAlarms": "报警",
		"labelFilterAudit": "参数更改",
		"labelFilterJobCards": "工卡控制",
		"labelFilterOperators": "操作人员权限控制",
		"labelFilterNone": "( 无任何权限 )",
		"labelFilterAll": "★管理员权限★",
		"labelDate": "日期",
		"labelSelectDate": "选择日期...",
		"labelType": "类型",
		"labelCategory": "系统部份",
		"labelTime": "时间",
		"labelMessage": "讯息",
		"labelAll": "( 全部 )",
		"labelLogInfo": "一般资讯",
		"labelLogWarn": "报警",
		"labelLogError": "错误",
		"labelLogDebug": "调试资讯",
		"labelFormat": "档案格式",
		"labelFormatOnScreen": "( 在屏幕上显示 )",
		"labelFormatXls": ".XLS - Excel 试算表",
		"labelFormatXlsx": ".XLSX - Excel 试算表",
		"labelFormatCsv": ".CSV - CSV 文字档",
		"labelFormatTsv": ".CSV - Tab 文字档",
		"labelFormatJson": ".JSON - JSON 文档",
		"labelFrameStyles": "外框显示样式",
		"labelTextSample": "文字样板",
		"labelAddNewLine": "增加新行",
		"labelAddNewValueMap": "增加新显示格式",
		"labelEditValueMap": "修改显示格式",
		"labelEqualsTo": "等於",
		"labelNotEqualsTo": "不等於",
		"labelUseDefault": "( 用默认值 )",
		"labelNothing": "( 无 )",
		"labelBlank": "( 空白 )",
		"labelCustomValue": "( 特别值 )",
		"labelNotSet": "( 不设定 )",
		"labelTransparent": "( 透明 )",
		"labelInvisible": "( 不显示 )",
		"labelNoBorder": "( 无边框 )",
		"labelStandardFields": "标準参数",
		"labelCycleDataFields": "周期参数",
		"labelMin": "最小值",
		"labelMax": "最大值",
		"labelOverlayBarColor": "棒形图底色",
		"labelShowAlways": "永远显示此行",
		"labelValueStyles": "显示格式",
		"labelField": "参数",
		"labelFieldAlarmPrefix": "报警",
		"labelFieldAlarms": "报警",
		"labelFieldMachineNo": "机号",
		"labelFieldMachineName": "名称",
		"labelFieldMachineModel": "机型",
		"labelFieldControllerType": "控制器",
		"labelFieldProtocolVersion": "协议版本",
		"labelFieldIPAddress": "IP 地址",
		"labelFieldOpMode": "操作模式",
		"labelFieldJobMode": "运作模式",
		"labelFieldJobCard": "工卡",
		"labelFieldConnectTime": "连线时间",
		"labelFieldOperator": "操作人员",
		"labelFieldMold": "模具号",
		"labelFieldAction": "动作",
		"labelFieldAlarmName": "报警名称",
		"labelFieldLastAlarmName": "最後的报警",
		"labelFieldLastAlarmState": "最後的报警状态",
		"labelFieldLastAlarmTime": "最後的报警时间",
		"labelFieldActiveAlarms": "当前报警",
		"labelCycleProductionQuantity": "良品数量",
		"labelCycleCycleTime": "周期时间",
		"labelCycleInjectionTime": "注射时间",
		"labelCyclePlasticizingTime": "储料时间",
		"labelCycleInjectionEndPosition": "注射终止位置",
		"labelCyclePlasticizingEndPosition": "储料终止位置",
		"labelCycleQualityCheckFlag": "品管",
		"labelCycleMaxProductionQuantity": "总生产量",
		"labelCycleCoolingTime": "冷却时间",
		"labelCycleMoldOpenTime": "开模时间",
		"labelCycleMoldCloseTime": "合模时间",
		"labelCycleVPPosition": "V/P 切换位置",
		"labelCycleMoldOpenEndPosition": "开模终止位置",
		"labelCycleMaxInjectionSpeed": "最高射速",
		"labelCycleMaxPlasticizing": "最高储料速度",
		"labelCycleNozzleTemperature": "射咀温度",
		"labelCycleBarrelTemperatureZone1": "料管温度：第1段",
		"labelCycleBarrelTemperatureZone2": "料管温度：第2段",
		"labelCycleBarrelTemperatureZone3": "料管温度：第3段",
		"labelCycleBarrelTemperatureZone4": "料管温度：第4段",
		"labelCycleBarrelTemperatureZone5": "料管温度：第5段",
		"labelCycleBarrelTemperatureZone6": "料管温度：第6段",
		"labelCycleBackPressure": "背压",
		"labelCycleHoldingTime": "保压时间",
		"labelCycleHotRunnerZone1": "热流道：第1区",
		"labelCycleHotRunnerZone2": "热流道：第2区",
		"labelCycleHotRunnerZone3": "热流道：第3区",
		"labelCycleHotRunnerZone4": "热流道：第4区",
		"labelCycleHotRunnerZone5": "热流道：第5区",
		"labelCycleHotRunnerZone6": "热流道：第6区",
		"labelCycleHotRunnerZone7": "热流道：第7区",
		"labelCycleHotRunnerZone8": "热流道：第8区",
		"labelCycleHotRunnerZone9": "热流道：第9区",
		"labelCycleHotRunnerZone10": "热流道：第10区",
		"labelCycleHotRunnerZone11": "热流道：第11区",
		"labelCycleHotRunnerZone12": "热流道：第12区",
		"labelCycleHotRunnerZone13": "热流道：第13区",
		"labelCycleHotRunnerZone14": "热流道：第14区",
		"labelCycleHotRunnerZone15": "热流道：第15区",
		"labelCycleHotRunnerZone16": "热流道：第16区",
		"labelCycleHotRunnerZone17": "热流道：第17区",
		"labelCycleHotRunnerZone18": "热流道：第18区",
		"labelCycleHotRunnerZone19": "热流道：第19区",
		"labelCycleHotRunnerZone20": "热流道：第20区",
		"labelCycleHotRunnerZone21": "热流道：第21区",
		"labelCycleHotRunnerZone22": "热流道：第22区",
		"labelCycleHotRunnerZone23": "热流道：第23区",
		"labelCycleHotRunnerZone24": "热流道：第24区",
		"labelCycleHotRunnerZone25": "热流道：第25区",
		"labelCycleHotRunnerZone26": "热流道：第26区",
		"labelCycleHotRunnerZone27": "热流道：第27区",
		"labelCycleHotRunnerZone28": "热流道：第28区",
		"labelCycleHotRunnerZone29": "热流道：第29区",
		"labelCycleHotRunnerZone30": "热流道：第30区",
		"labelCycleHotRunnerZone31": "热流道：第31区",
		"labelCycleHotRunnerZone32": "热流道：第32区",
		"labelCycleHotRunnerZone33": "热流道：第33区",
		"labelCycleHotRunnerZone34": "热流道：第34区",
		"labelCycleHotRunnerZone35": "热流道：第35区",
		"labelCycleHotRunnerZone36": "热流道：第36区",
		"labelCycleHotRunnerZone37": "热流道：第37区",
		"labelCycleHotRunnerZone38": "热流道：第38区",
		"labelCycleHotRunnerZone39": "热流道：第39区",
		"labelCycleHotRunnerZone40": "热流道：第40区",
		"labelOpModeUnknown": "不详",
		"labelOpModeManual": "手动",
		"labelOpModeSemiAutomatic": "半自动",
		"labelOpModeAutomatic": "全自动",
		"labelOpModeOthers": "其他",
		"labelOpModeOffLine": "离线",
		"labelJobModeUnknown": "不详",
		"labelJobModeOffline": "离线",
		"labelJobModeID01": "ID01. 无单",
		"labelJobModeID02": "ID02. 生产",
		"labelJobModeID03": "ID03. 换色",
		"labelJobModeID04": "ID04. 修模",
		"labelJobModeID05": "ID05. 试模",
		"labelJobModeID06": "ID06. 换模",
		"labelJobModeID07": "ID07. 换料",
		"labelJobModeID08": "ID08. 等料",
		"labelJobModeID09": "ID09. 等模",
		"labelJobModeID10": "ID10. 维修",
		"labelJobModeID11": "ID11. 故障",
		"labelJobModeID12": "ID12. 调机",
		"labelJobModeID13": "ID13. 其他一",
		"labelJobModeID14": "ID14. 其他二",
		"labelJobModeID15": "ID15. 其他三",
		"labelColorBlack": "黑",
		"labelColorGray": "灰",
		"labelColorRed": "红",
		"labelColorGreen": "绿",
		"labelColorBlue": "蓝",
		"labelColorOrange": "橙",
		"labelColorYellow": "黄",
		"labelColorMagenta": "桃",
		"labelColorBrown": "棕",
		"labelColorCyan": "青",
		"labelColorPurple": "紫",
		"labelColorWhite": "白",
		"textServerRunning": "iChen 4.0 系统正在运行",
		"textServerNotRunning": "iChen 4.0 系统停止",
		"textSearchText": "筛选字句...",
		"textMachineName": "注塑机名称...",
		"textMachineSerialNum": "机号...",
		"textPressGoToLoadLogs": "按 [下载] 键搜索日誌讯息。",
		"textLogRows": "日誌行数",
		"textNoLogs": "找不到任何日誌纪录",
		"textNoAuthority": "对不起，您必须以管理员权限登入。",
		"textNoAuthorityForLogs": "您没有足够的权限访问系统日誌。",
		"textClickForFrameStyles": "按此编辑外框样式",
		"textConfirmDeleteUser": "碓认删除用户 {0}？",
		"textConfirmDeleteLine": "碓认删除 [{0}] 行？",
		"textConfirmDeleteValueMap": "碓认删除此显示格式？",
		"textConfirmDeleteMachine": "碓认删除注塑机 {0}？",
		"textDownloading": "数据正在下载中，请稍候。"
	}
}
