﻿{
	"ControllerTypes": {
		"Ai01": "Ai-01",
		"Ai02": "Ai-02",
		"Ai11": "Ai-11",
		"Ai12": "Ai-12",
		"CPC60": "CPC-6.0",
		"MPC60": "MPC-6.0",
		"CDC2000": "CDC2000",
		"CDC3000": "CDC3000",
		"CDC2000WIN": "CDC2000WIN",
		"SPS3300": "SPS3300",
		"NewAge": "New Age",
		"CBmold300": "CBmold 300",
		"CBmold800": "CBmold 800",
		"Unknown": "???"
	},

	"OpModes": {
		"Unknown": "???",
		"Manual": "Manual",
		"SemiAutomatic": "Semi-Auto",
		"Automatic": "Auto",
		"Others": "Others",
		"Offline": "Off-line"
	},

	"JobModes": {
		"Unknown": "???",
		"Offline": "Off-line",
		"ID01": "Idle",
		"ID02": "Production",
		"ID03": "Color Chg.",
		"ID04": "Mold Maint",
		"ID05": "Mold Trial",
		"ID06": "Mold Change",
		"ID07": "Resin Change",
		"ID08": "Wait Resin",
		"ID09": "Wait Mold",
		"ID10": "Downtime",
		"ID11": "Stoppage",
		"ID12": "Fine-Tune",
		"ID13": "Other 1",
		"ID14": "Other 2",
		"ID15": "Other 3"
	},

	"Actions": {
		"1000": "Idle",
		"1001": "Open Break",
		"1002": "Open #2",
		"1003": "Open #3",
		"1004": "Open Fast",
		"1005": "Open Slow",
		"1006": "Core A Out",
		"1007": "Core B Out",
		"1008": "Core C Out",
		"1009": "Core D Out",
		"1010": "Close Fast",
		"1011": "Close #2",
		"1012": "Close #3",
		"1013": "Close Lo Pres",
		"1014": "Close Hi Pres",
		"1015": "Core A In",
		"1016": "Core B In",
		"1017": "Core C In",
		"1018": "Core D In",
		"1019": "Clamp Force",
		"1020": "Inject #1",
		"1021": "Inject #2",
		"1022": "Inject #3",
		"1023": "Inject #4",
		"1024": "Inject #5",
		"1025": "Not used",
		"1026": "Holding #1",
		"1027": "Holding #2",
		"1028": "Holding #3",
		"1029": "Holding #4",
		"1030": "Holding #5",
		"1031": "Plasticize #1",
		"1032": "Plasticize #2",
		"1033": "Plasticize #3",
		"1034": "Decompress",
		"1035": "Purge Injector",
		"1036": "Purge Plast",
		"1037": "Purge Decomp",
		"1038": "Eject Out #1",
		"1039": "Eject Out #2",
		"1040": "Eject In #1",
		"1041": "Eject In #2",
		"1042": "Carr. Fwd Fast",
		"1043": "Carr. Fwd Slow",
		"1044": "Carr. Back",
		"1045": "Core A In",
		"1046": "Core A Out",
		"1047": "Core B In",
		"1048": "Core B Out",
		"1049": "Core C In",
		"1050": "Core C Out",
		"1051": "Core D In",
		"1052": "Core D Out",
		"1053": "Aux 12",
		"1054": "Aux 13",
		"1055": "Aux 14",
		"1056": "Aux 15",
		"1057": "Aux 16",
		"1058": "Aux 17",
		"1059": "Aux 18",
		"1060": "Aux 19",
		"1061": "Aux 20",
		"1062": "Aux 21",
		"1063": "Aux 22",
		"1064": "Aux 23",
		"1065": "Aux 24",

		"2000": "Idle",
		"2001": "Open Break",
		"2002": "Open #2",
		"2003": "Open #3",
		"2004": "Open Fast",
		"2005": "Open Slow",
		"2006": "Core A Out",
		"2007": "Core B Out",
		"2008": "Core C Out",
		"2009": "Core D Out",
		"2010": "Close Fast",
		"2011": "Close #2",
		"2012": "Close #3",
		"2013": "Close Lo Pres",
		"2014": "Close Hi Pres",
		"2015": "Core A In",
		"2016": "Core B In",
		"2017": "Core C In",
		"2018": "Core D In",
		"2019": "Clamp Force",
		"2020": "Inject #1",
		"2021": "Inject #2",
		"2022": "Inject #3",
		"2023": "Inject #4",
		"2024": "Inject #5",
		"2025": "Not used",
		"2026": "Holding #1",
		"2027": "Holding #2",
		"2028": "Holding #3",
		"2029": "Holding #4",
		"2030": "Holding #5",
		"2031": "Plasticize #1",
		"2032": "Plasticize #2",
		"2033": "Plasticize #3",
		"2034": "Decompress",
		"2035": "Purge Injector",
		"2036": "Purge Plast",
		"2037": "Purge Decomp",
		"2038": "Eject Out #1",
		"2039": "Eject Out #2",
		"2040": "Eject In #1",
		"2041": "Eject In #2",
		"2042": "Carr. Fwd Fast",
		"2043": "Carr. Fwd Slow",
		"2044": "Carr. Back",
		"2045": "Core A In",
		"2046": "Core A Out",
		"2047": "Core B In",
		"2048": "Core B Out",
		"2049": "Core C In",
		"2050": "Core C Out",
		"2051": "Core D In",
		"2052": "Core D Out",
		"2053": "Aux 12",
		"2054": "Aux 13",
		"2055": "Aux 14",
		"2056": "Aux 15",
		"2057": "Aux 16",
		"2058": "Aux 17",
		"2059": "Aux 18",
		"2060": "Aux 19",
		"2061": "Aux 20",
		"2062": "Aux 21",
		"2063": "Aux 22",
		"2064": "Aux 23",
		"2065": "Aux 24"
	}
}