﻿{
	"en": {
		"ch_logo": "header_logo_dark_eng_large",
		"app_title_full": "Data Analytics",
		"app_title_short": "Analytics",
		"btnLogin": "Login",
		"btnLogout": "Logout",
		"btnRunReport": "Run Analysis",
		"btnDownload": "Download Data",
		"btnClear": "Clear",
		"btnOK": "OK",
		"routeHome": "Download",
		"routeJobModes": "Utilization",
		"routeOpModes": "Op. Modes",
		"routeOperators": "Operators",
		"routeJobCards": "Job Cards",
		"routeMolds": "Moulds",
		"routeLogout": "Logout",
		"labelCategorize": "Categorize",
		"labelDownload": "Download",
		"labelFormat": "File Format",
		"labelFormatXls": ".XLS - Excel Spreadsheet",
		"labelFormatXlsx": ".XLSX - Excel Spreadsheet",
		"labelFormatCsv": ".CSV - Comma-Separated Text File",
		"labelFormatTsv": ".CSV - Tab-Separated Text File",
		"labelFormatJson": ".JSON - JSON File",
		"labelMachine": "Machine",
		"labelSelectMachine": "Select Machine...",
		"labelSelectDataSet": "Select Data Set...",
		"labelSelectAll": "( All )",
		"labelEntireRange": "( None )",
		"labelByMachine": "By Machine",
		"labelByHour": "By Hour",
		"labelByShift": "By Shift",
		"labelByDay": "By Day",
		"labelByWeek": "By Week",
		"labelByMonth": "By Month",
		"labelByQuarter": "By Quarter",
		"labelByHalfYear": "By HalfYear",
		"labelStartDate": "Starting Date",
		"labelEndDate": "Ending Date",
		"labelSelectStartDate": "Please select the starting date...",
		"labelSelectEndDate": "Please select the ending date...",
		"labelCycle": "Cycle Data",
		"labelStatus": "Machine Status",
		"labelAlarms": "Alarms",
		"labelAudit": "Audit Trail",
		"titleDownload": "Download Historical Data",
		"titleJobModes": "Machines Utilization Analysis",
		"titleOpModes": "Operation Modes Analysis",
		"titleOperators": "Operators Analysis",
		"titleJobCards": "Job Cards Analysis",
		"titleMolds": "Moulds Usage Analysis",
		"labelWeekDays": {
			"su": "Sun",
			"mo": "Mon",
			"tu": "Tue",
			"we": "Wed",
			"th": "Thu",
			"fr": "Fri",
			"sa": "Sat"
		},
		"labelMonths": {
			"1": "Jan",
			"2": "Feb",
			"3": "Mar",
			"4": "Apr",
			"5": "May",
			"6": "Jun",
			"7": "Jul",
			"8": "Aug",
			"9": "Sep",
			"10": "Oct",
			"11": "Nov",
			"12": "Dec"
		},
		"labelNone": "None",
		"labelNoValue": "No data",
		"labelDate": "Date",
		"labelPercentage": "Percentage (%)",
		"labelForMachine": "Machine: {0} ({1})",
		"labelOpModeNoValue": "No data",
		"labelOpModeUnknown": "Unknown",
		"labelOpModeManual": "Manual",
		"labelOpModeSemiAutomatic": "Semi-Automatic",
		"labelOpModeAutomatic": "Automatic",
		"labelOpModeOthers": "Others",
		"labelOpModeOffline": "Off-Line",
		"labelJobModeNoValue": "No data",
		"labelJobModeUnknown": "Unknown",
		"labelJobModeOffline": "Off-Line",
		"labelJobModeID01": "Idle",
		"labelJobModeID02": "Production",
		"labelJobModeID03": "Color Change",
		"labelJobModeID04": "Mold Maintenance",
		"labelJobModeID05": "Mold Trial",
		"labelJobModeID06": "Mold Change",
		"labelJobModeID07": "Resin Change",
		"labelJobModeID08": "Wait for Resin",
		"labelJobModeID09": "Wait for Mold",
		"labelJobModeID10": "Downtime",
		"labelJobModeID11": "Stoppage",
		"labelJobModeID12": "Fine-Tuning",
		"labelJobModeID13": "Other #1",
		"labelJobModeID14": "Other #2",
		"labelJobModeID15": "Other #3",
		"formatLongDate": "{0}-{1}-{2}",
		"formatShortDate": "{1}-{2}",
		"formatDay": "{2}",
		"textExportFormats": "JPG=Export as JPEG Picture|PNG=Export as High Quality PNG Image|SVG=Export as SVG Graphics File|PDF=Export as PDF Document|XLS=Export as Excel Worksheet",
		"textDownloading": "Data is being downloaded. Please wait for the download to complete.",
		"textNoAuthority": "You do not have enough authority."
	},

	"zh-tw": {
		"ch_logo": "header_logo_dark_chi_large",
		"app_title_full": "數據分析及報表",
		"app_title_short": "數據分析",
		"btnLogin": "登入",
		"btnLogout": "登出",
		"btnRunReport": "開始分析",
		"btnDownload": "下載數據",
		"btnClear": "清除",
		"btnOK": "確認",
		"routeHome": "數據下載",
		"routeJobModes": "使用率",
		"routeOpModes": "操作模式",
		"routeOperators": "操作人員",
		"routeJobCards": "工咭",
		"routeMolds": "模具",
		"routeLogout": "登出",
		"labelCategorize": "拆分",
		"labelDownload": "下載",
		"labelFormat": "檔案格式",
		"labelFormatXls": ".XLS - Excel 試算表",
		"labelFormatXlsx": ".XLSX - Excel 試算表",
		"labelFormatCsv": ".CSV - CSV 文字檔",
		"labelFormatTsv": ".CSV - Tab 文字檔",
		"labelFormatJson": ".JSON - JSON 文檔",
		"labelMachine": "注塑機",
		"labelSelectMachine": "選擇注塑機...",
		"labelSelectDataSet": "選擇數據類別...",
		"labelSelectAll": "( 全部 )",
		"labelEntireRange": "( 不拆分 )",
		"labelByMachine": "按注塑機",
		"labelByHour": "每小時",
		"labelByShift": "每班",
		"labelByDay": "每日",
		"labelByWeek": "每週",
		"labelByMonth": "每月",
		"labelByQuarter": "每季度",
		"labelByHalfYear": "每半年",
		"labelStartDate": "開始日期",
		"labelSelectStartDate": "請選擇開始日期...",
		"labelSelectEndDate": "請選擇終止日期...",
		"labelEndDate": "終止日期",
		"labelCycle": "週期參數",
		"labelStatus": "注塑機狀態紀錄",
		"labelAlarms": "謷報紀錄",
		"labelAudit": "參數更改紀錄",
		"titleDownload": "歷史數據下載",
		"titleJobModes": "設備使用率分析",
		"titleOpModes": "操作模式分析",
		"titleOperators": "操作人員分析",
		"titleJobCards": "工咭生產分析",
		"titleMolds": "模具使用分析",
		"labelWeekDays": {
			"su": "日",
			"mo": "一",
			"tu": "二",
			"we": "三",
			"th": "四",
			"fr": "五",
			"sa": "六"
		},
		"labelMonths": {
			"1": "一月",
			"2": "二月",
			"3": "三月",
			"4": "四月",
			"5": "五月",
			"6": "六月",
			"7": "七月",
			"8": "八月",
			"9": "九月",
			"10": "十月",
			"11": "十一月",
			"12": "十二月"
		},
		"labelNone": "無",
		"labelNoValue": "無數據",
		"labelDate": "日期",
		"labelPercentage": "百份比 (%)",
		"labelForMachine": "注塑機： {0} (機號：{1})",
		"labelOpModeNoValue": "無數據",
		"labelOpModeUnknown": "不詳",
		"labelOpModeManual": "手動",
		"labelOpModeSemiAutomatic": "半自動",
		"labelOpModeAutomatic": "全自動",
		"labelOpModeOthers": "其他",
		"labelOpModeOffline": "離線",
		"labelJobModeNoValue": "無數據",
		"labelJobModeUnknown": "不詳",
		"labelJobModeOffline": "離線",
		"labelJobModeID01": "無單",
		"labelJobModeID02": "生產",
		"labelJobModeID03": "換色",
		"labelJobModeID04": "修模",
		"labelJobModeID05": "試模",
		"labelJobModeID06": "換模",
		"labelJobModeID07": "換料",
		"labelJobModeID08": "等料",
		"labelJobModeID09": "等模",
		"labelJobModeID10": "維修",
		"labelJobModeID11": "故障",
		"labelJobModeID12": "調機",
		"labelJobModeID13": "其他一",
		"labelJobModeID14": "其他二",
		"labelJobModeID15": "其他三",
		"formatLongDate": "{0}年{1}月{2}日",
		"formatShortDate": "{1}月{2}日",
		"formatDay": "{2}",
		"textExportFormats": "JPG=以 JPEG 圖片格式下載|PNG=以高質 PNG 圖片格式下載|SVG=以 SVG 繪圖檔格式下載|PDF=轉為 PDF 文檔下載|XLS=以 Excel 試算表檔下載",
		"textDownloading": "數據正在下載中，請稍候。",
		"textNoAuthority": "您的權限不夠。"
	},

	"zh-cn": {
		"ch_logo": "header_logo_dark_chi_large",
		"app_title_full": "数据分析及报表",
		"app_title_short": "数据分析",
		"btnLogin": "登入",
		"btnLogout": "登出",
		"btnRunReport": "开始分析",
		"btnDownload": "下载数据",
		"btnClear": "清除",
		"btnOK": "确认",
		"routeHome": "数据下载",
		"routeJobModes": "使用率",
		"routeOpModes": "操作模式",
		"routeOperators": "操作人员",
		"routeJobCards": "工卡",
		"routeMolds": "模具",
		"routeLogout": "登出",
		"labelCategorize": "分拆",
		"labelDownload": "下载",
		"labelFormat": "档案格式",
		"labelFormatXls": ".XLS - Excel 试算表",
		"labelFormatXlsx": ".XLSX - Excel 试算表",
		"labelFormatCsv": ".CSV - CSV 文字档",
		"labelFormatTsv": ".CSV - Tab 文字档",
		"labelFormatJson": ".JSON - JSON 文档",
		"labelMachine": "注塑机",
		"labelSelectAll": "( 全部 )",
		"labelSelectMachine": "选择注塑机...",
		"labelSelectDataSet": "选择数据类别...",
		"labelEntireRange": "( 不分拆 )",
		"labelByMachine": "按注塑机",
		"labelByHour": "每小时",
		"labelByShift": "每班",
		"labelByDay": "每日",
		"labelByWeek": "每周",
		"labelByMonth": "每月",
		"labelByQuarter": "每季度",
		"labelByHalfYear": "每半年",
		"labelStartDate": "开始日期",
		"labelSelectStartDate": "请选择开始日期...",
		"labelSelectEndDate": "请选择终止日期...",
		"labelEndDate": "终止日期",
		"labelCycle": "周期参数",
		"labelStatus": "注塑机状态记录",
		"labelAlarms": "报警记录",
		"labelAudit": "参数更改记录",
		"titleDownload": "歷史数据下载",
		"titleJobModes": "设备使用率分析",
		"titleOpModes": "操作模式分析",
		"titleOperators": "操作人员分析",
		"titleJobCards": "工卡生产分析",
		"titleMolds": "模具使用分析",
		"labelWeekDays": {
			"su": "日",
			"mo": "一",
			"tu": "二",
			"we": "三",
			"th": "四",
			"fr": "五",
			"sa": "六"
		},
		"labelMonths": {
			"1": "一月",
			"2": "二月",
			"3": "三月",
			"4": "四月",
			"5": "五月",
			"6": "六月",
			"7": "七月",
			"8": "八月",
			"9": "九月",
			"10": "十月",
			"11": "十一月",
			"12": "十二月"
		},
		"labelNone": "无",
		"labelNoValue": "无数据",
		"labelDate": "日期",
		"labelPercentage": "百份比 (%)",
		"labelForMachine": "注塑机： {0} (机号：{1})",
		"labelOpModeNoValue": "无数据",
		"labelOpModeUnknown": "不详",
		"labelOpModeManual": "手动",
		"labelOpModeSemiAutomatic": "半自动",
		"labelOpModeAutomatic": "全自动",
		"labelOpModeOthers": "其他",
		"labelOpModeOffline": "离线",
		"labelJobModeNoValue": "无数据",
		"labelJobModeUnknown": "不详",
		"labelJobModeOffline": "离线",
		"labelJobModeID01": "无单",
		"labelJobModeID02": "生产",
		"labelJobModeID03": "换色",
		"labelJobModeID04": "修模",
		"labelJobModeID05": "试模",
		"labelJobModeID06": "换模",
		"labelJobModeID07": "换料",
		"labelJobModeID08": "等料",
		"labelJobModeID09": "等模",
		"labelJobModeID10": "维修",
		"labelJobModeID11": "故障",
		"labelJobModeID12": "调机",
		"labelJobModeID13": "其他一",
		"labelJobModeID14": "其他二",
		"labelJobModeID15": "其他三",
		"formatLongDate": "{0}年{1}月{2}日",
		"formatShortDate": "{1}月{2}日",
		"formatDay": "{2}",
		"textExportFormats": "JPG=以 JPEG 图片格式下载|PNG=以高质 PNG 图片格式下载|SVG=以 SVG 绘图档格式下载|PDF=转为 PDF 文档下载|XLS=以 Excel 試算表檔下載",
		"textDownloading": "数据正在下载中，请稍候。",
		"textNoAuthority": "您的权限不夠。"
	}
}
